DayOfWeek,sum,count,mean
Monday,4377.0,493,8.878296146044624
Tuesday,4185.0,448,9.341517857142858
Wednesday,3759.5,435,8.642528735632183
Thursday,4252.5,469,9.067164179104477
Friday,4015.0,470,8.542553191489361
Saturday,4096.5,445,9.20561797752809
Sunday,4275.5,474,9.020042194092827
