,Total Spent,Total Spent,Total Spent
,sum,mean,count
Payment Method,,,
Digital Wallet,10160.0,9.055258467023172,1122
Cash,9564.5,8.989191729323307,1064
Credit Card,9236.5,8.813454198473282,1048
